{"vehicle_count_mean": 22.88359829592685, "vehicle_count_std": 20.887251309843915, "avg_speed_mean": 55.42328034081462, "confidence_expected": 0.85}